mode,target,class,path,gzip,threads,connections,duration,repeat,requests,elapsed_s,rps,transfer_per_sec,p50,p99,max,socket_errors,non2xx
identity,ours,tiny,/tiny/hello.html,0,4,100,8,1,736929,8.09,91068.2,46.12MB,754.00us,10.36ms,,,
identity,ours,tiny,/tiny/hello.html,0,4,100,8,2,710217,8.08,87904.14,44.51MB,727.00us,690.44ms,,,
identity,nginx,tiny,/tiny/hello.html,0,4,100,8,1,892629,8.09,110301.88,51.23MB,540.00us,165.10ms,,,
identity,nginx,tiny,/tiny/hello.html,0,4,100,8,2,983976,8.10,121472.68,56.42MB,588.00us,9.71ms,,,
identity,ours,small,/small/page.html,0,4,100,8,1,660625,8.04,82213.9,664.01MB,814.00us,11.14ms,,,
identity,ours,small,/small/page.html,0,4,100,8,2,707857,8.05,87956.64,710.40MB,780.00us,12.17ms,,,
identity,nginx,small,/small/page.html,0,4,100,8,1,902076,8.09,111560.43,0.88GB,607.00us,12.11ms,,,
identity,nginx,small,/small/page.html,0,4,100,8,2,728477,8.09,90057.87,723.59MB,623.00us,80.35ms,,,
identity,ours,medium,/medium/app.css,0,4,100,8,1,144806,8.06,17964.95,4.39GB,3.10ms,134.01ms,,,
identity,ours,medium,/medium/app.css,0,4,100,8,2,168170,8.06,20870.13,5.10GB,2.71ms,22.23ms,,,
identity,nginx,medium,/medium/app.css,0,4,100,8,1,239935,8.07,29748.9,7.27GB,1.63ms,18.33ms,,,
identity,nginx,medium,/medium/app.css,0,4,100,8,2,247377,8.07,30636.07,7.49GB,1.77ms,16.79ms,,,
identity,ours,binary,/binary/photo.png,0,4,100,8,1,137555,8.10,16975.54,4.15GB,3.27ms,30.94ms,,,
identity,ours,binary,/binary/photo.png,0,4,100,8,2,133820,8.08,16559.77,4.05GB,3.50ms,29.12ms,,,
identity,nginx,binary,/binary/photo.png,0,4,100,8,1,278009,8.07,34444.16,8.42GB,1.61ms,14.06ms,,,
identity,nginx,binary,/binary/photo.png,0,4,100,8,2,289996,8.08,35869.88,8.77GB,1.52ms,11.26ms,,,
identity,ours,streamed,/streamed/movie.bin,0,4,100,8,1,36883,8.10,4552.82,8.90GB,14.23ms,283.80ms,,,
identity,ours,streamed,/streamed/movie.bin,0,4,100,8,2,39057,8.10,4821.43,9.42GB,13.73ms,279.45ms,,,
identity,nginx,streamed,/streamed/movie.bin,0,4,100,8,1,42230,8.04,5254.4,10.27GB,11.99ms,288.48ms,,,
identity,nginx,streamed,/streamed/movie.bin,0,4,100,8,2,40336,8.06,5001.62,9.77GB,12.53ms,287.76ms,,,
identity,ours,large,/large/disk.img,0,4,100,8,1,3144,8.10,388.31,6.17GB,235.40ms,597.54ms,,,
identity,ours,large,/large/disk.img,0,4,100,8,2,3481,8.12,428.6,6.75GB,169.93ms,847.56ms,,,
identity,nginx,large,/large/disk.img,0,4,100,8,1,2910,8.12,358.52,5.67GB,230.45ms,833.84ms,,,
identity,nginx,large,/large/disk.img,0,4,100,8,2,2706,8.10,334.26,5.32GB,241.99ms,790.50ms,,,
gzip-precompressed,ours,tiny,/tiny/hello.html,1,4,100,8,1,772482,8.05,95954.06,42.73MB,707.00us,15.54ms,,,
gzip-precompressed,ours,tiny,/tiny/hello.html,1,4,100,8,2,839962,8.09,103883.23,46.27MB,679.00us,11.80ms,,,
gzip-precompressed,nginx,tiny,/tiny/hello.html,1,4,100,8,1,1240453,8.07,153786.08,61.30MB,506.00us,6.19ms,,,
gzip-precompressed,nginx,tiny,/tiny/hello.html,1,4,100,8,2,973237,8.08,120411.6,48.00MB,558.00us,9.31ms,,,
gzip-precompressed,ours,small,/small/page.html,1,4,100,8,1,852552,8.03,106234.27,51.77MB,673.00us,9.84ms,,,
gzip-precompressed,ours,small,/small/page.html,1,4,100,8,2,812502,8.08,100541.18,49.00MB,692.00us,9.61ms,,,
gzip-precompressed,nginx,small,/small/page.html,1,4,100,8,1,1074348,8.08,132957.62,58.58MB,554.00us,8.75ms,,,
gzip-precompressed,nginx,small,/small/page.html,1,4,100,8,2,1025737,8.10,126664.38,55.81MB,568.00us,8.28ms,,,
gzip-precompressed,ours,medium,/medium/app.css,1,4,100,8,1,863372,8.09,106771.76,153.25MB,661.00us,13.49ms,,,
gzip-precompressed,ours,medium,/medium/app.css,1,4,100,8,2,901247,8.02,112338.21,161.24MB,643.00us,8.67ms,,,
gzip-precompressed,nginx,medium,/medium/app.css,1,4,100,8,1,1096523,8.03,136552.31,189.61MB,556.00us,9.02ms,,,
gzip-precompressed,nginx,medium,/medium/app.css,1,4,100,8,2,1137746,8.09,140689.08,195.35MB,551.00us,7.44ms,,,
tls,ours-tls,tiny,/tiny/hello.html,0,4,32,8,1,446726,8.03,55613.4,28.16MB,420.00us,7.63ms,,,
tls,ours-tls,tiny,/tiny/hello.html,0,4,32,8,2,412111,8.04,51267.38,25.96MB,441.00us,9.66ms,,,
tls,nginx-tls,tiny,/tiny/hello.html,0,4,32,8,1,348865,8.05,43314.48,20.12MB,389.00us,22.58ms,,,
tls,nginx-tls,tiny,/tiny/hello.html,0,4,32,8,2,367978,8.08,45531.77,21.15MB,394.00us,19.55ms,,,
tls,ours-tls,small,/small/page.html,0,4,32,8,1,339008,8.05,42136.96,340.33MB,526.00us,10.10ms,,,
tls,ours-tls,small,/small/page.html,0,4,32,8,2,373550,8.05,46409.77,374.84MB,508.00us,9.76ms,,,
tls,nginx-tls,small,/small/page.html,0,4,32,8,1,456997,8.05,56790.1,456.29MB,364.00us,12.53ms,,,
tls,nginx-tls,small,/small/page.html,0,4,32,8,2,496577,8.03,61820.71,496.71MB,355.00us,8.55ms,,,
tls,ours-tls,medium,/medium/app.css,0,4,32,8,1,57867,8.07,7171.9,1.75GB,3.77ms,19.24ms,,,
tls,ours-tls,medium,/medium/app.css,0,4,32,8,2,57095,8.08,7069.18,1.73GB,3.88ms,19.66ms,,,
tls,nginx-tls,medium,/medium/app.css,0,4,32,8,1,60700,8.09,7504.72,1.83GB,3.70ms,19.95ms,,,
tls,nginx-tls,medium,/medium/app.css,0,4,32,8,2,52084,8.08,6446.21,1.58GB,4.20ms,22.63ms,,,
tls,ours-tls,binary,/binary/photo.png,0,4,32,8,1,57877,8.07,7176.19,1.75GB,3.57ms,19.18ms,,,
tls,ours-tls,binary,/binary/photo.png,0,4,32,8,2,57373,8.07,7108.06,1.74GB,3.77ms,19.46ms,,,
tls,nginx-tls,binary,/binary/photo.png,0,4,32,8,1,54195,8.08,6707.42,1.64GB,4.11ms,18.89ms,,,
tls,nginx-tls,binary,/binary/photo.png,0,4,32,8,2,54582,8.07,6764.16,1.65GB,3.98ms,19.02ms,,,
tls,ours-tls,streamed,/streamed/movie.bin,0,4,32,8,1,7671,8.08,949.73,1.86GB,31.01ms,91.01ms,,,
tls,ours-tls,streamed,/streamed/movie.bin,0,4,32,8,2,7635,8.10,942.93,1.84GB,31.06ms,100.71ms,,,
tls,nginx-tls,streamed,/streamed/movie.bin,0,4,32,8,1,7832,8.09,968.37,1.89GB,31.00ms,82.13ms,,,
tls,nginx-tls,streamed,/streamed/movie.bin,0,4,32,8,2,7288,8.09,900.81,1.76GB,33.04ms,104.15ms,,,
tls,ours-tls,large,/large/disk.img,0,4,32,8,1,777,8.08,96.18,1.52GB,289.28ms,953.88ms,,,
tls,ours-tls,large,/large/disk.img,0,4,32,8,2,825,8.10,101.91,1.62GB,287.94ms,623.51ms,,,
tls,nginx-tls,large,/large/disk.img,0,4,32,8,1,758,8.07,93.89,1.48GB,306.38ms,899.84ms,,,
tls,nginx-tls,large,/large/disk.img,0,4,32,8,2,798,8.04,99.22,1.57GB,272.94ms,944.01ms,,,
